{"cameraMode":{"drawMode":0,"name":"Shaded","section":"Shading Mode"},"sceneLighting":true,"audioPlay":false,"sceneViewState":{"m_AlwaysRefresh":false,"showFog":true,"showSkybox":true,"showFlares":true,"showImageEffects":true,"showParticleSystems":true,"showVisualEffectGraphs":true,"m_FxEnabled":true},"in2DMode":false,"pivot":{"x":-0.07528066635131836,"y":1.2660033702850342,"z":-0.1945088654756546},"rotation":{"x":-0.05471257120370865,"y":0.6845073103904724,"z":-0.051646776497364047,"w":-0.725115954875946},"size":1.6804304122924805,"orthographic":false}