{"cameraMode":{"drawMode":0,"name":"Shaded","section":"Shading Mode"},"sceneLighting":true,"audioPlay":false,"sceneViewState":{"m_AlwaysRefresh":false,"showFog":true,"showSkybox":false,"showFlares":true,"showImageEffects":true,"showParticleSystems":true,"showVisualEffectGraphs":true,"m_FxEnabled":true},"in2DMode":false,"pivot":{"x":-0.032000064849853519,"y":1.1100003719329835,"z":-0.009999752044677735},"rotation":{"x":-0.15638920664787293,"y":-0.27966901659965517,"z":0.04622701555490494,"w":-0.9461486339569092},"size":12.12435531616211,"orthographic":false}