{"cameraMode":{"drawMode":0,"name":"Shaded","section":"Shading Mode"},"sceneLighting":true,"audioPlay":false,"sceneViewState":{"m_AlwaysRefresh":false,"showFog":true,"showSkybox":false,"showFlares":true,"showImageEffects":true,"showParticleSystems":true,"showVisualEffectGraphs":true,"m_FxEnabled":true},"in2DMode":false,"pivot":{"x":0.005700111389160156,"y":0.7675000429153442,"z":-0.0037602782249450685},"rotation":{"x":-0.15638920664787293,"y":-0.27966901659965517,"z":0.04622701555490494,"w":-0.9461486339569092},"size":1.9898865222930909,"orthographic":false}