{"cameraMode":{"drawMode":0,"name":"Shaded","section":"Shading Mode"},"sceneLighting":false,"audioPlay":false,"sceneViewState":{"m_AlwaysRefresh":false,"showFog":true,"showSkybox":false,"showFlares":true,"showImageEffects":true,"showParticleSystems":true,"showVisualEffectGraphs":true,"m_FxEnabled":true},"in2DMode":false,"pivot":{"x":-0.010498046875,"y":0.10000000149011612,"z":-0.019958583638072015},"rotation":{"x":-0.15638920664787293,"y":-0.27966901659965517,"z":0.04622701555490494,"w":-0.9461486339569092},"size":0.000017319833204965107,"orthographic":false}